{
  "traffic": {
    "baseline": {
      "auroc": 0.4084262888151933,
      "auprc": 0.030260939265400286,
      "f1": 0.08595988538681948,
      "shd": 83,
      "train_loss": 0.03331614285707474,
      "train_time": 204.25551509857178
    },
    "F_ds8_fix": {
      "auroc": 0.38889487058012717,
      "auprc": 0.030181157046011466,
      "f1": 0.0768277571251549,
      "shd": 62,
      "train_loss": 0.013141697272658348,
      "train_time": 217.1927466392517
    }
  },
  "medical": {
    "baseline": {
      "auroc": 0.47664009357661863,
      "auprc": 0.07740192030862429,
      "f1": 0.16089803554724041,
      "shd": 147,
      "train_loss": 0.012339793145656586,
      "train_time": 201.64583110809326
    },
    "F_ds8_fix": {
      "auroc": 0.5595945013198725,
      "auprc": 0.11492432068329375,
      "f1": 0.19375,
      "shd": 134,
      "train_loss": 0.006213020533323288,
      "train_time": 216.97568655014038
    }
  },
  "pm25": {
    "baseline": {
      "auroc": 0.42880808820249694,
      "auprc": 0.0503771772579458,
      "f1": 0.11987860394537178,
      "shd": 318,
      "train_loss": 0.06065795570611954,
      "train_time": 176.4136574268341
    },
    "F_ds8_fix": {
      "auroc": 0.466799432204302,
      "auprc": 0.06148071381666555,
      "f1": 0.1172134168816808,
      "shd": 318,
      "train_loss": 0.01760454662144184,
      "train_time": 181.07100105285645
    }
  }
}