{
  "seed_0": {
    "A_baseline": {
      "auroc": 0.9156976744186046,
      "auprc": 0.20271398332060098,
      "f1": 0.4,
      "shd": 6,
      "train_loss": 0.001245249412022531,
      "train_time": 66.05616974830627
    },
    "F_ds8_OLD": {
      "auroc": 0.8808139534883721,
      "auprc": 0.3628891941391942,
      "f1": 0.4,
      "shd": 3,
      "train_loss": 0.0011212104000151157,
      "train_time": 77.63216257095337
    },
    "F_ds8_fix": {
      "auroc": 0.9098837209302325,
      "auprc": 0.18547979797979797,
      "f1": 0.4,
      "shd": 6,
      "train_loss": 0.0013103301171213388,
      "train_time": 77.42464184761047
    }
  },
  "seed_1": {
    "A_baseline": {
      "auroc": 0.9438202247191011,
      "auprc": 0.08333333333333333,
      "f1": 0.2857142857142857,
      "shd": 2,
      "train_loss": 0.0012670287396758795,
      "train_time": 65.00271987915039
    },
    "F_ds8_OLD": {
      "auroc": 0.9775280898876404,
      "auprc": 0.16666666666666666,
      "f1": 0.5,
      "shd": 2,
      "train_loss": 0.0012740027159452438,
      "train_time": 77.36821913719177
    },
    "F_ds8_fix": {
      "auroc": 0.9438202247191011,
      "auprc": 0.08333333333333333,
      "f1": 0.2857142857142857,
      "shd": 1,
      "train_loss": 0.0013164808042347431,
      "train_time": 77.03727912902832
    }
  },
  "seed_2": {
    "A_baseline": {
      "auroc": 0.9693486590038314,
      "auprc": 0.5517857142857143,
      "f1": 0.5454545454545454,
      "shd": 4,
      "train_loss": 0.0013583360705524683,
      "train_time": 54.903138160705566
    },
    "F_ds8_OLD": {
      "auroc": 0.9693486590038314,
      "auprc": 0.3214285714285714,
      "f1": 0.6,
      "shd": 3,
      "train_loss": 0.0011023090919479728,
      "train_time": 69.60015034675598
    },
    "F_ds8_fix": {
      "auroc": 0.9770114942528736,
      "auprc": 0.5916666666666667,
      "f1": 0.6666666666666666,
      "shd": 3,
      "train_loss": 0.0012717280769720674,
      "train_time": 65.86572813987732
    }
  },
  "seed_3": {
    "A_baseline": {
      "auroc": 0.9090909090909091,
      "auprc": 0.11369047619047619,
      "f1": 0.3333333333333333,
      "shd": 3,
      "train_loss": 0.001223632600158453,
      "train_time": 55.50062799453735
    },
    "F_ds8_OLD": {
      "auroc": 0.9431818181818182,
      "auprc": 0.15476190476190474,
      "f1": 0.4444444444444444,
      "shd": 4,
      "train_loss": 0.001170708448626101,
      "train_time": 73.07241368293762
    },
    "F_ds8_fix": {
      "auroc": 0.9204545454545454,
      "auprc": 0.12179487179487179,
      "f1": 0.3333333333333333,
      "shd": 3,
      "train_loss": 0.0012995708966627717,
      "train_time": 74.68769788742065
    }
  },
  "seed_4": {
    "A_baseline": {
      "auroc": 0.9101123595505618,
      "auprc": 0.05555555555555555,
      "f1": 0.2,
      "shd": 2,
      "train_loss": 0.0012517737923189998,
      "train_time": 62.25079655647278
    },
    "F_ds8_OLD": {
      "auroc": 1.0,
      "auprc": 1.0,
      "f1": 1.0,
      "shd": 0,
      "train_loss": 0.001168399234302342,
      "train_time": 74.59009885787964
    },
    "F_ds8_fix": {
      "auroc": 0.9775280898876404,
      "auprc": 0.16666666666666666,
      "f1": 0.5,
      "shd": 1,
      "train_loss": 0.0012967721559107304,
      "train_time": 74.64455604553223
    }
  }
}