{
  "VAR_d50": {
    "baseline": [
      0.7243307924462553,
      0.698645214667727,
      0.7204550187421896
    ],
    "mamba": [
      0.709767079040148,
      0.7312516620866937,
      0.6477769679300299
    ],
    "tcn": [
      0.7062681525743878,
      0.6745671187542437,
      0.7158215326946977
    ]
  },
  "NSVAR_d10": {
    "baseline": [
      0.9156976744186046,
      0.9438202247191011,
      0.9693486590038314,
      0.9090909090909091,
      0.9101123595505618,
      0.9659090909090908,
      0.9796511627906976,
      0.8983333333333334,
      0.8888888888888894,
      0.9622222222222223,
      0.9186046511627907,
      0.9550561797752809,
      0.9693486590038314,
      0.9244186046511628,
      0.9325842696629213,
      0.9961685823754789
    ],
    "mamba": [
      0.9098837209302325,
      0.9438202247191011,
      0.9770114942528736,
      0.9204545454545454,
      0.9775280898876404,
      0.9602272727272727,
      0.9709302325581396,
      0.8855555555555563,
      0.9522222222222222,
      0.8966666666666668,
      0.9069767441860465,
      0.9438202247191011,
      0.9846743295019157,
      0.9069767441860465,
      0.9101123595505618,
      0.9961685823754789
    ],
    "tcn": [
      0.9602272727272727,
      0.9738372093023256,
      0.8683333333333336,
      0.875555555555556,
      0.8516666666666669,
      0.9156976744186046,
      0.9438202247191011,
      0.9846743295019157,
      0.9011627906976745,
      0.9213483146067415,
      0.9961685823754789
    ]
  },
  "NSVAR_d50_PlanA": {
    "baseline": [
      0.6422281086178702,
      0.6592347112191802,
      0.6477304246525921
    ],
    "mamba": [
      0.6413058552686315,
      0.6585516511098918,
      0.6076228053144042
    ],
    "tcn": [
      0.6372839985576803,
      0.6690295970925803,
      0.6469121848389839
    ]
  },
  "Lorenz_F40": {
    "baseline": [
      0.9316666666666666,
      0.9577777777777778,
      0.9155555555555556
    ],
    "mamba": [
      0.9038888888888891,
      0.961111111111111,
      0.9472222222222222
    ],
    "tcn": [
      0.8583333333333338,
      0.875555555555556,
      0.8516666666666669
    ]
  },
  "DREAM3_d10": {
    "baseline": [
      0.4533947065592635,
      0.5226666666666667,
      0.48124999999999996
    ],
    "mamba": [
      0.332566168009206,
      0.5351111111111113,
      0.57375
    ],
    "tcn": [
      0.477560414269275,
      0.5573333333333333,
      0.5874999999999999
    ]
  },
  "DREAM3_d50": {
    "baseline": [
      0.4507010860755433,
      0.4860950889914333,
      0.5488148598135998
    ],
    "mamba": [
      0.5223462743826643,
      0.424439683586024,
      0.4806070457145048
    ],
    "tcn": [
      0.5305019722267288,
      0.532630191166774,
      0.5128748200808904
    ]
  },
  "DREAM3_d100": {
    "baseline": [
      0.5023439386189212,
      0.4847307290158703,
      0.5789915363116626
    ],
    "mamba": [
      0.4927844501278764,
      0.5372575366922208,
      0.5900272551063095
    ],
    "tcn": [
      0.5062596419437352,
      0.5062498979757535,
      0.5576451068296232
    ]
  },
  "CT_traffic": {
    "baseline": [
      0.4084262888151933
    ],
    "mamba": [
      0.38889487058012717
    ],
    "tcn": [
      0.396205693612989
    ]
  },
  "CT_medical": {
    "baseline": [
      0.47664009357661863
    ],
    "mamba": [
      0.5595945013198725
    ],
    "tcn": [
      0.4609
    ]
  },
  "CT_pm25": {
    "baseline": [
      0.42880808820249694
    ],
    "mamba": [
      0.466799432204302
    ],
    "tcn": [
      0.48451549762150065
    ]
  },
  "fMRI_d15": {
    "baseline": [
      0.509259259259259,
      0.5911458333333334,
      0.4759837962962961
    ],
    "mamba": [
      0.4820601851851846,
      0.44531249999999983,
      0.40422453703703676
    ],
    "tcn": [
      0.5677083333333333,
      0.6252893518518517,
      0.44473379629629545
    ]
  }
}