{
  "subj_0": {
    "baseline": {
      "auroc": 0.509259259259259,
      "auprc": 0.08194566183966104,
      "f1": 0.1836734693877551,
      "shd": 23,
      "train_loss": 0.0030590968672186136,
      "train_time": 87.20242023468018
    },
    "F_ds8_fix": {
      "auroc": 0.4820601851851846,
      "auprc": 0.07834879953439751,
      "f1": 0.16470588235294117,
      "shd": 19,
      "train_loss": 0.0032411229331046343,
      "train_time": 96.80994129180908
    }
  },
  "subj_1": {
    "baseline": {
      "auroc": 0.5911458333333334,
      "auprc": 0.1239143875119748,
      "f1": 0.2631578947368421,
      "shd": 20,
      "train_loss": 0.0028665459249168634,
      "train_time": 85.95999050140381
    },
    "F_ds8_fix": {
      "auroc": 0.44531249999999983,
      "auprc": 0.07525208874114213,
      "f1": 0.16289592760180996,
      "shd": 18,
      "train_loss": 0.0029920313972979784,
      "train_time": 96.92210388183594
    }
  },
  "subj_2": {
    "baseline": {
      "auroc": 0.4759837962962961,
      "auprc": 0.08329442718088381,
      "f1": 0.16831683168316833,
      "shd": 18,
      "train_loss": 0.0028156491462141275,
      "train_time": 85.85505700111389
    },
    "F_ds8_fix": {
      "auroc": 0.40422453703703676,
      "auprc": 0.06532377956506016,
      "f1": 0.1717171717171717,
      "shd": 18,
      "train_loss": 0.0029323564376682043,
      "train_time": 96.81911587715149
    }
  }
}