{
  "seed_0": {
    "baseline": {
      "auroc": 0.6422281086178702,
      "auprc": 0.24527145127566072,
      "f1": 0.297029702970297,
      "shd": 124,
      "train_loss": 0.02650139294564724,
      "train_time": 251.24195098876953
    },
    "F_ds8_fix": {
      "auroc": 0.6413058552686315,
      "auprc": 0.20962952861995876,
      "f1": 0.28054298642533937,
      "shd": 124,
      "train_loss": 0.015703942626714706,
      "train_time": 263.391902923584
    }
  },
  "seed_1": {
    "baseline": {
      "auroc": 0.6592347112191802,
      "auprc": 0.20394312983526056,
      "f1": 0.2261904761904762,
      "shd": 132,
      "train_loss": 0.043743252754211426,
      "train_time": 251.01927423477173
    },
    "F_ds8_fix": {
      "auroc": 0.6585516511098918,
      "auprc": 0.19716597315614243,
      "f1": 0.2144927536231884,
      "shd": 132,
      "train_loss": 0.012820297852158546,
      "train_time": 262.5688943862915
    }
  },
  "seed_2": {
    "baseline": {
      "auroc": 0.6477304246525921,
      "auprc": 0.20660056235107058,
      "f1": 0.24691358024691357,
      "shd": 124,
      "train_loss": 0.04970897361636162,
      "train_time": 249.89162945747375
    },
    "F_ds8_fix": {
      "auroc": 0.6076228053144042,
      "auprc": 0.14914167691661046,
      "f1": 0.200836820083682,
      "shd": 123,
      "train_loss": 0.01454280037432909,
      "train_time": 263.2675230503082
    }
  }
}