{
  "Lorenz_F40": {
    "seed_0": {
      "tcn": {
        "auroc": 0.8583333333333338,
        "auprc": 0.7977063831489695,
        "f1": 0.7868852459016393,
        "acc": 0.8555555555555555,
        "shd": 30,
        "nshd": 1.0,
        "mcc": 0.0,
        "n_edges_true": 30,
        "lag_0-1": 0.5133333333333334,
        "train_time": 129.4454004764557,
        "train_loss": 0.001235508592799306
      }
    },
    "seed_1": {
      "tcn": {
        "auroc": 0.875555555555556,
        "auprc": 0.8435362382678399,
        "f1": 0.7741935483870968,
        "acc": 0.8666666666666667,
        "shd": 30,
        "nshd": 1.0,
        "mcc": 0.0,
        "n_edges_true": 30,
        "lag_0-1": 0.44333333333333347,
        "train_time": 119.34581089019775,
        "train_loss": 0.00115972978528589
      }
    },
    "seed_2": {
      "tcn": {
        "auroc": 0.8516666666666669,
        "auprc": 0.7943921869712951,
        "f1": 0.7,
        "acc": 0.8222222222222222,
        "shd": 30,
        "nshd": 1.0,
        "mcc": 0.0,
        "n_edges_true": 30,
        "lag_0-1": 0.5144444444444446,
        "train_time": 90.0698447227478,
        "train_loss": 0.001425058231689036
      }
    }
  },
  "NSVAR_d50_PlanA": {
    "seed_0": {
      "tcn": {
        "auroc": 0.6372839985576803,
        "auprc": 0.25325381641816247,
        "f1": 0.327683615819209,
        "acc": 0.9563265306122449,
        "shd": 124,
        "nshd": 1.0,
        "mcc": 0.0,
        "n_edges_true": 124,
        "lag_0-2": 0.497639544570952,
        "lag_2-4": 0.4937502786736632,
        "lag_4-6": 0.4758882563485429,
        "lag_6-14": 0.5029662955619937,
        "train_time": 552.34348487854,
        "train_loss": 0.018197685480117798
      }
    },
    "seed_1": {
      "tcn": {
        "auroc": 0.6690295970925803,
        "auprc": 0.1930942151014505,
        "f1": 0.2033898305084746,
        "acc": 0.9506122448979591,
        "shd": 132,
        "nshd": 1.0,
        "mcc": 0.0,
        "n_edges_true": 132,
        "lag_0-2": 0.4922529116573619,
        "lag_2-4": 0.4834221364812501,
        "lag_4-6": 0.5157541849600497,
        "lag_6-14": 0.49757299007622635,
        "train_time": 653.1114726066589,
        "train_loss": 0.01871771179139614
      }
    },
    "seed_2": {
      "tcn": {
        "auroc": 0.6469121848389839,
        "auprc": 0.22155833876861333,
        "f1": 0.25668449197860965,
        "acc": 0.9546938775510204,
        "shd": 123,
        "nshd": 0.9919354838709677,
        "mcc": 0.08751845052192998,
        "n_edges_true": 124,
        "lag_0-2": 0.5079129086400285,
        "lag_2-4": 0.5245678618567718,
        "lag_4-6": 0.52908829216841,
        "lag_6-14": 0.4870916332865221,
        "train_time": 596.3407537937164,
        "train_loss": 0.018619360402226448
      }
    }
  },
  "CT_traffic": {
    "tcn": {
      "auroc": 0.396205693612989,
      "auprc": 0.029607203281471726,
      "f1": 0.0852233676975945,
      "acc": 0.9602564102564103,
      "shd": 125,
      "nshd": 2.0161290322580645,
      "mcc": -0.04173489379079338,
      "n_edges_true": 62,
      "lag_0-1": 0.396205693612989,
      "train_time": 516.1040618419647,
      "train_loss": 0.02038216032087803
    }
  },
  "fMRI_d15": {
    "subj_0": {
      "tcn": {
        "auroc": 0.5677083333333333,
        "auprc": 0.1123982267198519,
        "f1": 0.2,
        "acc": 0.9142857142857143,
        "shd": 18,
        "nshd": 1.0,
        "mcc": 0.0,
        "n_edges_true": 18,
        "lag_0-1": 0.5677083333333333,
        "train_time": 127.43255424499512,
        "train_loss": 0.002754396293312311
      }
    },
    "subj_1": {
      "tcn": {
        "auroc": 0.6252893518518517,
        "auprc": 0.19305984761106634,
        "f1": 0.34146341463414637,
        "acc": 0.9142857142857143,
        "shd": 18,
        "nshd": 1.0,
        "mcc": 0.0,
        "n_edges_true": 18,
        "lag_0-1": 0.6252893518518517,
        "train_time": 223.92427325248718,
        "train_loss": 0.0019981239456683397
      }
    },
    "subj_2": {
      "tcn": {
        "auroc": 0.44473379629629545,
        "auprc": 0.09577501636539676,
        "f1": 0.17391304347826086,
        "acc": 0.9142857142857143,
        "shd": 18,
        "nshd": 1.0,
        "mcc": 0.0,
        "n_edges_true": 18,
        "lag_0-1": 0.44473379629629545,
        "train_time": 223.8597240447998,
        "train_loss": 0.002040223451331258
      }
    }
  }
}