{
  "NSVAR_d10": {
    "baseline": [
      0.9156976744186046,
      0.9438202247191011,
      0.9693486590038314,
      0.9090909090909091,
      0.9101123595505618,
      0.9659090909090908,
      0.9796511627906976,
      0.8983333333333334,
      0.8888888888888894,
      0.9622222222222223,
      0.9186046511627907,
      0.9550561797752809,
      0.9693486590038314,
      0.9244186046511628,
      0.9325842696629213,
      0.9961685823754789
    ],
    "mamba_v0": [
      0.8808139534883721,
      0.9775280898876404,
      0.9693486590038314,
      0.9431818181818182,
      1.0
    ],
    "mamba": [
      0.9098837209302325,
      0.9438202247191011,
      0.9770114942528736,
      0.9204545454545454,
      0.9775280898876404,
      0.9602272727272727,
      0.9709302325581396,
      0.8855555555555563,
      0.9522222222222222,
      0.8966666666666668,
      0.9069767441860465,
      0.9438202247191011,
      0.9846743295019157,
      0.9069767441860465,
      0.9101123595505618,
      0.9961685823754789
    ],
    "tcn": [
      0.9602272727272727,
      0.9738372093023256,
      0.8683333333333336,
      0.875555555555556,
      0.8516666666666669,
      0.9156976744186046,
      0.9438202247191011,
      0.9846743295019157,
      0.9011627906976745,
      0.9213483146067415,
      0.9961685823754789
    ]
  },
  "VAR_d50": {
    "baseline": [
      0.6422281086178702,
      0.6592347112191802,
      0.6477304246525921,
      0.5446009389671385,
      0.5619146005509701,
      0.5179772842364178
    ],
    "F_ds8_fix": [
      0.6413058552686315,
      0.6585516511098918,
      0.6076228053144042
    ],
    "mamba": [
      0.5344172880419813,
      0.4818044077135039,
      0.4538450408739059
    ]
  },
  "CT_traffic": {
    "baseline": [
      0.4084262888151933
    ],
    "mamba": [
      0.38889487058012717
    ]
  },
  "CT_medical": {
    "baseline": [
      0.47664009357661863
    ],
    "mamba": [
      0.5595945013198725
    ]
  },
  "CT_pm25": {
    "baseline": [
      0.42880808820249694
    ],
    "mamba": [
      0.466799432204302
    ]
  },
  "fMRI_d15": {
    "baseline": [
      0.509259259259259,
      0.5911458333333334,
      0.4759837962962961
    ],
    "mamba": [
      0.4820601851851846,
      0.44531249999999983,
      0.40422453703703676
    ],
    "tcn": [
      0.5677083333333333,
      0.6252893518518517,
      0.44473379629629545
    ]
  },
  "Lorenz_F40": {
    "baseline": [
      0.9316666666666666,
      0.9577777777777778,
      0.9155555555555556
    ],
    "mamba": [
      0.9038888888888891,
      0.961111111111111,
      0.9472222222222222
    ],
    "tcn": [
      0.8583333333333338,
      0.875555555555556,
      0.8516666666666669
    ]
  },
  "NSVAR_d50_PlanA": {
    "tcn": [
      0.6372839985576803,
      0.6690295970925803,
      0.6469121848389839
    ]
  }
}