{
  "config": "CT_medical",
  "d": 40,
  "T": 1200,
  "edges_true": 153,
  "seeds": {
    "seed_0": {
      "baseline": {
        "auroc": 0.4726198818700555,
        "auprc": 0.07717836749497516,
        "f1": 0.15730337078651685,
        "acc": 0.9147435897435897,
        "shd": 145,
        "nshd": 1.0902255639097744,
        "mcc": -0.02687936339556417,
        "n_edges_true": 133,
        "lag_0-1": 0.4726198818700555,
        "train_time": 209.3793339729309,
        "train_loss": 0.012004358693957329
      },
      "mamba": {
        "auroc": 0.5595945013198725,
        "auprc": 0.11492432068329375,
        "f1": 0.19375,
        "acc": 0.9147435897435897,
        "shd": 134,
        "nshd": 1.0075187969924813,
        "mcc": -0.007731980967547869,
        "n_edges_true": 133,
        "lag_0-1": 0.5595945013198725,
        "train_time": 223.44487762451172,
        "train_loss": 0.006213020533323288
      }
    },
    "seed_1": {
      "baseline": {
        "auroc": 0.4459431690649182,
        "auprc": 0.0774137824179927,
        "f1": 0.15890083632019117,
        "acc": 0.9147435897435897,
        "shd": 147,
        "nshd": 1.105263157894737,
        "mcc": -0.008295200532384382,
        "n_edges_true": 133,
        "lag_0-1": 0.4459431690649182,
        "train_time": 206.16170382499695,
        "train_loss": 0.013400226831436157
      },
      "mamba": {
        "auroc": 0.49670163495634667,
        "auprc": 0.09110023337707303,
        "f1": 0.16216216216216217,
        "acc": 0.9147435897435897,
        "shd": 133,
        "nshd": 1.0,
        "mcc": 0.0,
        "n_edges_true": 133,
        "lag_0-1": 0.49670163495634667,
        "train_time": 222.4547598361969,
        "train_loss": 0.0053456611931324005
      }
    },
    "seed_2": {
      "baseline": {
        "auroc": 0.503627674652645,
        "auprc": 0.08597808499939934,
        "f1": 0.16326530612244897,
        "acc": 0.9147435897435897,
        "shd": 141,
        "nshd": 1.0601503759398496,
        "mcc": -0.02191860796513175,
        "n_edges_true": 133,
        "lag_0-1": 0.503627674652645,
        "train_time": 208.7737114429474,
        "train_loss": 0.012661503627896309
      },
      "mamba": {
        "auroc": 0.4843643797651107,
        "auprc": 0.09652272891573385,
        "f1": 0.15776986951364175,
        "acc": 0.9147435897435897,
        "shd": 133,
        "nshd": 1.0,
        "mcc": 0.0,
        "n_edges_true": 133,
        "lag_0-1": 0.4843643797651107,
        "train_time": 221.7212929725647,
        "train_loss": 0.006075693294405937
      }
    }
  }
}