{
  "DREAM3_d10": {
    "subj_0": {
      "baseline": {
        "auroc": 0.4533947065592635,
        "auprc": 0.11021278038169544,
        "f1": 0.24,
        "acc": 0.8777777777777778,
        "shd": 11,
        "nshd": 1.0,
        "mcc": 0.0,
        "n_edges_true": 11,
        "lag_0-1": 0.4533947065592635,
        "train_time": 63.62459588050842,
        "train_loss": 0.0017250251257792115
      },
      "mamba": {
        "auroc": 0.332566168009206,
        "auprc": 0.08583838627653112,
        "f1": 0.22916666666666666,
        "acc": 0.8777777777777778,
        "shd": 11,
        "nshd": 1.0,
        "mcc": 0.0,
        "n_edges_true": 11,
        "lag_0-1": 0.332566168009206,
        "train_time": 71.82649040222168,
        "train_loss": 0.0015989538514986634
      },
      "tcn": {
        "auroc": 0.477560414269275,
        "auprc": 0.11906829021937304,
        "f1": 0.23809523809523808,
        "acc": 0.8777777777777778,
        "shd": 11,
        "nshd": 1.0,
        "mcc": 0.0,
        "n_edges_true": 11,
        "lag_0-1": 0.477560414269275,
        "train_time": 65.31833863258362,
        "train_loss": 0.0017412240849807858
      }
    },
    "subj_1": {
      "baseline": {
        "auroc": 0.5226666666666667,
        "auprc": 0.16517428557129152,
        "f1": 0.30985915492957744,
        "acc": 0.8333333333333334,
        "shd": 15,
        "nshd": 1.0,
        "mcc": 0.0,
        "n_edges_true": 15,
        "lag_0-1": 0.5226666666666667,
        "train_time": 62.13490319252014,
        "train_loss": 0.0016851681284606457
      },
      "mamba": {
        "auroc": 0.5351111111111113,
        "auprc": 0.19963042153592056,
        "f1": 0.3333333333333333,
        "acc": 0.8333333333333334,
        "shd": 15,
        "nshd": 1.0,
        "mcc": 0.0,
        "n_edges_true": 15,
        "lag_0-1": 0.5351111111111113,
        "train_time": 73.10546970367432,
        "train_loss": 0.0015838992549106479
      },
      "tcn": {
        "auroc": 0.5573333333333333,
        "auprc": 0.20601120312921062,
        "f1": 0.3448275862068966,
        "acc": 0.8333333333333334,
        "shd": 15,
        "nshd": 1.0,
        "mcc": 0.0,
        "n_edges_true": 15,
        "lag_0-1": 0.5573333333333333,
        "train_time": 68.56093692779541,
        "train_loss": 0.0016372823156416416
      }
    },
    "subj_2": {
      "baseline": {
        "auroc": 0.48124999999999996,
        "auprc": 0.13236015765733572,
        "f1": 0.3076923076923077,
        "acc": 0.8888888888888888,
        "shd": 10,
        "nshd": 1.0,
        "mcc": 0.0,
        "n_edges_true": 10,
        "lag_0-1": 0.48124999999999996,
        "train_time": 65.05069136619568,
        "train_loss": 0.00166416319552809
      },
      "mamba": {
        "auroc": 0.57375,
        "auprc": 0.15015146942491991,
        "f1": 0.3157894736842105,
        "acc": 0.8888888888888888,
        "shd": 10,
        "nshd": 1.0,
        "mcc": 0.0,
        "n_edges_true": 10,
        "lag_0-1": 0.57375,
        "train_time": 73.65638852119446,
        "train_loss": 0.0016229504253715277
      },
      "tcn": {
        "auroc": 0.5874999999999999,
        "auprc": 0.13503959694770468,
        "f1": 0.24691358024691357,
        "acc": 0.8888888888888888,
        "shd": 10,
        "nshd": 1.0,
        "mcc": 0.0,
        "n_edges_true": 10,
        "lag_0-1": 0.5874999999999999,
        "train_time": 67.57406949996948,
        "train_loss": 0.0015329805901274085
      }
    }
  },
  "DREAM3_d50": {
    "subj_0": {
      "baseline": {
        "auroc": 0.4507010860755433,
        "auprc": 0.023996062681934754,
        "f1": 0.06829268292682927,
        "acc": 0.9746938775510204,
        "shd": 234,
        "nshd": 3.774193548387097,
        "mcc": 0.02249956105490967,
        "n_edges_true": 62,
        "lag_0-1": 0.4507010860755433,
        "train_time": 270.38360142707825,
        "train_loss": 0.03851431980729103
      },
      "mamba": {
        "auroc": 0.5223462743826643,
        "auprc": 0.026618983776969092,
        "f1": 0.05730129390018484,
        "acc": 0.9746938775510204,
        "shd": 73,
        "nshd": 1.1774193548387097,
        "mcc": -0.01082104307794732,
        "n_edges_true": 62,
        "lag_0-1": 0.5223462743826643,
        "train_time": 276.76010608673096,
        "train_loss": 0.01708635315299034
      },
      "tcn": {
        "auroc": 0.5305019722267288,
        "auprc": 0.028392431060442692,
        "f1": 0.07004830917874397,
        "acc": 0.9746938775510204,
        "shd": 229,
        "nshd": 3.693548387096774,
        "mcc": -0.004324805376424242,
        "n_edges_true": 62,
        "lag_0-1": 0.5305019722267288,
        "train_time": 283.0940451622009,
        "train_loss": 0.03662624955177307
      }
    },
    "subj_1": {
      "baseline": {
        "auroc": 0.4860950889914333,
        "auprc": 0.030847965377335074,
        "f1": 0.07227241139680333,
        "acc": 0.966530612244898,
        "shd": 240,
        "nshd": 2.926829268292683,
        "mcc": -0.03125129202234713,
        "n_edges_true": 82,
        "lag_0-1": 0.4860950889914333,
        "train_time": 272.7829256057739,
        "train_loss": 0.04348498955368996
      },
      "mamba": {
        "auroc": 0.424439683586024,
        "auprc": 0.027210501785171218,
        "f1": 0.06479652311339391,
        "acc": 0.966530612244898,
        "shd": 86,
        "nshd": 1.048780487804878,
        "mcc": -0.007525196528579862,
        "n_edges_true": 82,
        "lag_0-1": 0.424439683586024,
        "train_time": 277.1521899700165,
        "train_loss": 0.024149669334292412
      },
      "tcn": {
        "auroc": 0.532630191166774,
        "auprc": 0.04699177418957724,
        "f1": 0.08241758241758242,
        "acc": 0.9669387755102041,
        "shd": 346,
        "nshd": 4.219512195121951,
        "mcc": -0.016488866058260603,
        "n_edges_true": 82,
        "lag_0-1": 0.532630191166774,
        "train_time": 276.36974120140076,
        "train_loss": 0.036190494894981384
      }
    },
    "subj_2": {
      "baseline": {
        "auroc": 0.5488148598135998,
        "auprc": 0.03576765520797025,
        "f1": 0.07749627421758569,
        "acc": 0.9685714285714285,
        "shd": 256,
        "nshd": 3.324675324675325,
        "mcc": -0.01653888005725208,
        "n_edges_true": 77,
        "lag_0-1": 0.5488148598135998,
        "train_time": 265.84012269973755,
        "train_loss": 0.03557557240128517
      },
      "mamba": {
        "auroc": 0.4806070457145048,
        "auprc": 0.029422117698300596,
        "f1": 0.06204379562043796,
        "acc": 0.9685714285714285,
        "shd": 81,
        "nshd": 1.051948051948052,
        "mcc": -0.007284475094450496,
        "n_edges_true": 77,
        "lag_0-1": 0.4806070457145048,
        "train_time": 274.3069694042206,
        "train_loss": 0.021329455077648163
      },
      "tcn": {
        "auroc": 0.5128748200808904,
        "auprc": 0.031177736591549488,
        "f1": 0.06658130601792574,
        "acc": 0.9685714285714285,
        "shd": 232,
        "nshd": 3.012987012987013,
        "mcc": -0.0017335329091300764,
        "n_edges_true": 77,
        "lag_0-1": 0.5128748200808904,
        "train_time": 275.3713963031769,
        "train_loss": 0.03921542689204216
      }
    }
  },
  "DREAM3_d100": {
    "subj_0": {
      "baseline": {
        "auroc": 0.5023439386189212,
        "auprc": 0.012130708863894439,
        "f1": 0.02803308823529412,
        "acc": 0.9873737373737373,
        "shd": 125,
        "nshd": 1.0,
        "mcc": 0.0,
        "n_edges_true": 125,
        "lag_0-1": 0.5023439386189212,
        "train_time": 524.2460143566132,
        "train_loss": 0.24536308646202087
      },
      "mamba": {
        "auroc": 0.4927844501278764,
        "auprc": 0.011885345802883689,
        "f1": 0.026309132304578802,
        "acc": 0.9873737373737373,
        "shd": 125,
        "nshd": 1.0,
        "mcc": 0.0,
        "n_edges_true": 125,