{
  "per_seed": {
    "Stat+Linear": {
      "seed_0": {},
      "seed_1": {
        "baseline": {
          "auroc": 0.9659090909090908,
          "auprc": 0.225,
          "f1": 0.5714285714285714,
          "acc": 0.9777777777777777,
          "shd": 4,
          "nshd": 2.0,
          "mcc": 0.333256245490707,
          "n_edges_true": 2,
          "lag_0-2": 0.9725609756097561,
          "lag_2-3": 1.0,
          "train_time": 97.34607458114624,
          "train_loss": 0.0020168691407889128
        },
        "tcn": {
          "auroc": 0.9602272727272727,
          "auprc": 0.1964285714285714,
          "f1": 0.4444444444444444,
          "acc": 0.9777777777777777,
          "shd": 4,
          "nshd": 2.0,
          "mcc": -0.022727272727272728,
          "n_edges_true": 2,
          "lag_0-2": 1.0,
          "lag_2-3": 1.0,
          "train_time": 164.91490983963013,
          "train_loss": 0.001653105835430324
        },
        "mamba": {
          "auroc": 0.9602272727272727,
          "auprc": 0.19583333333333333,
          "f1": 0.5,
          "acc": 0.9777777777777777,
          "shd": 3,
          "nshd": 1.5,
          "mcc": -0.01598006930251483,
          "n_edges_true": 2,
          "lag_0-2": 0.9969512195121951,
          "lag_2-3": 1.0,
          "train_time": 193.3075897693634,
          "train_loss": 0.0018359434325248003
        }
      },
      "seed_2": {
        "baseline": {
          "auroc": 0.9796511627906976,
          "auprc": 0.5014880952380952,
          "f1": 0.75,
          "acc": 0.9777777777777777,
          "shd": 3,
          "nshd": 0.75,
          "mcc": 0.6538322262074268,
          "n_edges_true": 4,
          "lag_0-2": 0.9740853658536586,
          "lag_2-3": 0.9943181818181818,
          "train_time": 111.90646815299988,
          "train_loss": 0.0019414500566199422
        },
        "tcn": {
          "auroc": 0.9738372093023256,
          "auprc": 0.4202380952380953,
          "f1": 0.6666666666666666,
          "acc": 0.9666666666666667,
          "shd": 5,
          "nshd": 1.25,
          "mcc": 0.2603125627255638,
          "n_edges_true": 4,
          "lag_0-2": 0.9984756097560976,
          "lag_2-3": 1.0,
          "train_time": 79.69714903831482,
          "train_loss": 0.0021097431890666485
        },
        "mamba": {
          "auroc": 0.9709302325581396,
          "auprc": 0.3922619047619047,
          "f1": 0.7272727272727273,
          "acc": 0.9666666666666667,
          "shd": 5,
          "nshd": 1.25,
          "mcc": 0.41845262477275313,
          "n_edges_true": 4,
          "lag_0-2": 0.9984756097560976,
          "lag_2-3": 1.0,
          "train_time": 128.14222288131714,
          "train_loss": 0.002273213118314743
        }
      }
    },
    "Stat+Nonlinear": {
      "seed_0": {
        "baseline": {
          "auroc": 0.8983333333333334,
          "auprc": 0.8349142777705221,
          "f1": 0.7341772151898734,
          "acc": 0.8444444444444444,
          "shd": 30,
          "nshd": 1.0,
          "mcc": 0.0,
          "n_edges_true": 30,
          "lag_0-1": 0.5127777777777778,
          "train_time": 142.27613067626953,
          "train_loss": 0.0011525542940944433
        },
        "tcn": {
          "auroc": 0.8683333333333336,
          "auprc": 0.8040047824076726,
          "f1": 0.7868852459016393,
          "acc": 0.8555555555555555,
          "shd": 30,
          "nshd": 1.0,
          "mcc": 0.0,
          "n_edges_true": 30,
          "lag_0-1": 0.49222222222222245,
          "train_time": 143.8736469745636,
          "train_loss": 0.0011841721134260297
        },
        "mamba": {
          "auroc": 0.8855555555555563,
          "auprc": 0.8533309000861342,
          "f1": 0.7868852459016393,
          "acc": 0.8555555555555555,
          "shd": 30,
          "nshd": 1.0,
          "mcc": 0.0,
          "n_edges_true": 30,
          "lag_0-1": 0.5572222222222222,
          "train_time": 193.6488790512085,
          "train_loss": 0.0011003755498677492
        }
      },
      "seed_1": {
        "baseline": {
          "auroc": 0.8888888888888894,
          "auprc": 0.8129005697129017,
          "f1": 0.78125,
          "acc": 0.8444444444444444,
          "shd": 30,
          "nshd": 1.0,
          "mcc": 0.0,
          "n_edges_true": 30,
          "lag_0-1": 0.41444444444444445,
          "train_time": 38.62332534790039,
          "train_loss": 0.0018608684185892344
        },
        "tcn": {
          "auroc": 0.875555555555556,
          "auprc": 0.8435362382678399,
          "f1": 0.7741935483870968,
          "acc": 0.8666666666666667,
          "shd": 30,
          "nshd": 1.0,
          "mcc": 0.0,
          "n_edges_true": 30,
          "lag_0-1": 0.44333333333333347,
          "train_time": 120.18895316123962,
          "train_loss": 0.00115972978528589
        },
        "mamba": {
          "auroc": 0.9522222222222222,
          "auprc": 0.9061435069213857,
          "f1": 0.847457627118644,
          "acc": 0.9,
          "shd": 30,
          "nshd": 1.0,
          "mcc": 0.0,
          "n_edges_true": 30,
          "lag_0-1": 0.48944444444444457,
          "train_time": 193.84012389183044,
          "train_loss": 0.0010236776433885098
        }
      },
      "seed_2": {
        "baseline": {
          "auroc": 0.9622222222222223,
          "auprc": 0.9494856917631863,
          "f1": 0.896551724137931,
          "acc": 0.9333333333333333,
          "shd": 30,
          "nshd": 1.0,
          "mcc": 0.0,
          "n_edges_true": 30,
          "lag_0-1": 0.48000000000000015,
          "train_time": 155.07270050048828,
          "train_loss": 0.0011314740404486656
        },
        "tcn": {
          "auroc": 0.8516666666666669,
          "auprc": 0.7943921869712951,
          "f1": 0.7,
          "acc": 0.8222222222222222,
          "shd": 30,
          "nshd": 1.0,
          "mcc": 0.0,
          "n_edges_true": 30,
          "lag_0-1": 0.5144444444444446,
          "train_time": 88.54121780395508,
          "train_loss": 0.001425058231689036
        },
        "mamba": {
          "auroc": 0.8966666666666668,
          "auprc": 0.8830169918298549,
          "f1": 0.8363636363636363,
          "acc": 0.9,
          "shd": 30,
          "nshd": 1.0,
          "mcc": 0.0,
          "n_edges_true": 30,
          "lag_0-1": 0.6177777777777778,
          "train_time": 171.883442401886,
          "train_loss": 0.001205897657200694
        }
      }
    },
    "NS+Linear": {
      "seed_0": {
        "baseline": {
          "auroc": 0.9186046511627907,
          "auprc": 0.21015445951107714,
          "f1": 0.4,
          "acc": 0.9555555555555556,
          "shd": 6,
          "nshd": 1.5,
          "mcc": -0.03251280443811776,
          "n_edges_true": 4,
          "lag_0-2": 0.5105882352941176,
          "lag_2-4": 0.9047619047619048,
          "lag_4-6": 0.5134099616858238,
          "lag_6-7": 0.5615079365079365,
          "train_time": 110.06283330917358,
          "train_loss": 0.0010964054381474853
        },
        "tcn": {
          "auroc": 0.9156976744186046,
          "auprc": 0.21548520923520925,
          "f1": 0.42105263157894735,
          "acc": 0.9555555555555556,
          "shd": 4,
          "nshd": 1.0,
          "mcc": 0.333256245490707,
          "n_edges_true": 4,
          "lag_0-2": 0.5270588235294118,
          "lag_2-4": 0.8928571428571431,
          "lag_4-6": 0.5287356321839081,
          "lag_6-7": 0.6329365079365079,
          "train_time": 95.23519444465637,
          "train_loss": 0.001145781367085874
        },
        "mamba": {
          "auroc": 0.9069767441860465,
          "auprc": 0.18147931521093286,
          "f1": 0.38095238095238093,
          "acc": 0.9555555555555556,
          "shd": 4,
          "nshd": 1.0,
          "mcc": 0.0,
          "n_edges_true": 4,
          "lag_0-2": 0.536470588235294,
          "lag_2-4": 0.8472222222222225,
          "lag_4-6": 0.5593869731800769,