{
  "VAR_d50": {
    "seed_0": {
      "baseline": {
        "auroc": 0.6877132394984843,
        "auprc": 0.10733842385072725,
        "f1": 0.21305841924398625,
        "acc": 0.9538775510204082,
        "shd": 113,
        "nshd": 1.0,
        "mcc": 0.0,
        "n_edges_true": 113,
        "lag_0-2": 0.8066269580319374,
        "lag_2-4": 0.8074524521699876,
        "lag_4-5": 0.8652723404255234,
        "train_time": 625.0789849758148,
        "train_loss": 0.005931362509727478
      },
      "mamba": {
        "auroc": 0.7366186889628598,
        "auprc": 0.12415575777294963,
        "f1": 0.21014492753623187,
        "acc": 0.9538775510204082,
        "shd": 113,
        "nshd": 1.0,
        "mcc": 0.0,
        "n_edges_true": 113,
        "lag_0-2": 0.83846763451194,
        "lag_2-4": 0.8769870383956794,
        "lag_4-5": 0.8888382978723243,
        "train_time": 663.5445115566254,
        "train_loss": 0.005940471310168505
      }
    },
    "seed_1": {
      "baseline": {
        "auroc": 0.6937475992081029,
        "auprc": 0.12961883063063673,
        "f1": 0.2372093023255814,
        "acc": 0.9530612244897959,
        "shd": 116,
        "nshd": 1.0,
        "mcc": 0.0,
        "n_edges_true": 116,
        "lag_0-2": 0.7660374834902076,
        "lag_2-4": 0.7848242639539268,
        "lag_4-5": 0.8337887768455094,
        "train_time": 626.1746339797974,
        "train_loss": 0.007914017885923386
      },
      "mamba": {
        "auroc": 0.6719631829329512,
        "auprc": 0.10097936777768284,
        "f1": 0.2042042042042042,
        "acc": 0.9526530612244898,
        "shd": 116,
        "nshd": 1.0,
        "mcc": 0.0,
        "n_edges_true": 116,
        "lag_0-2": 0.7908147058331704,
        "lag_2-4": 0.860911512998559,
        "lag_4-5": 0.9012393195288988,
        "train_time": 665.0061197280884,
        "train_loss": 0.007206760812550783
      }
    },
    "seed_2": {
      "baseline": {
        "auroc": 0.7282165417187278,
        "auprc": 0.09695275234197923,
        "f1": 0.18181818181818182,
        "acc": 0.96,
        "shd": 99,
        "nshd": 1.010204081632653,
        "mcc": -0.004124772370405789,
        "n_edges_true": 98,
        "lag_0-2": 0.8391872380064982,
        "lag_2-4": 0.83437883643872,
        "lag_4-5": 0.9170271093512165,
        "train_time": 631.942325592041,
        "train_loss": 0.006729534361511469
      },
      "mamba": {
        "auroc": 0.7318565181174551,
        "auprc": 0.10379677596297707,
        "f1": 0.20089285714285715,
        "acc": 0.96,
        "shd": 98,
        "nshd": 1.0,
        "mcc": 0.0,
        "n_edges_true": 98,
        "lag_0-2": 0.8618537494177884,
        "lag_2-4": 0.8587321418871445,
        "lag_4-5": 0.9118042440856907,
        "train_time": 659.2249410152435,
        "train_loss": 0.005773729644715786
      }
    },
    "seed_3": {
      "baseline": {
        "auroc": 0.7014992687008079,
        "auprc": 0.1034896569212196,
        "f1": 0.19827586206896552,
        "acc": 0.9587755102040816,
        "shd": 101,
        "nshd": 1.0,
        "mcc": 0.0,
        "n_edges_true": 101,
        "lag_0-2": 0.8101581011471246,
        "lag_2-4": 0.7925335527785585,
        "lag_4-5": 0.853592323375604,
        "train_time": 624.6127214431763,
        "train_loss": 0.007364959921687841
      },
      "mamba": {
        "auroc": 0.7452760601730726,
        "auprc": 0.1304740770523178,
        "f1": 0.24477611940298508,
        "acc": 0.9587755102040816,
        "shd": 101,
        "nshd": 1.0,
        "mcc": 0.0,
        "n_edges_true": 101,
        "lag_0-2": 0.8096470866145442,
        "lag_2-4": 0.8587188556992648,
        "lag_4-5": 0.8867971220045373,
        "train_time": 663.3818395137787,
        "train_loss": 0.007099800743162632
      }
    },
    "seed_4": {
      "baseline": {
        "auroc": 0.7779601748927604,
        "auprc": 0.10685599022703897,
        "f1": 0.2230769230769231,
        "acc": 0.9669387755102041,
        "shd": 81,
        "nshd": 1.0,
        "mcc": 0.0,
        "n_edges_true": 81,
        "lag_0-2": 0.8953504908873069,
        "lag_2-4": 0.8956447494943565,
        "lag_4-5": 0.9303347959316788,
        "train_time": 626.755702495575,
        "train_loss": 0.003994898404926062
      },
      "mamba": {
        "auroc": 0.7325954067195222,
        "auprc": 0.1126973500820521,
        "f1": 0.2231404958677686,
        "acc": 0.9669387755102041,
        "shd": 81,
        "nshd": 1.0,
        "mcc": 0.0,
        "n_edges_true": 81,
        "lag_0-2": 0.8580054524286405,
        "lag_2-4": 0.8616209091813292,
        "lag_4-5": 0.8973989352958488,
        "train_time": 664.0011837482452,
        "train_loss": 0.004088378045707941
      }
    }
  },
  "Lorenz_F40": {
    "seed_0": {
      "baseline": {
        "auroc": 0.93,
        "auprc": 0.8752712747599674,
        "f1": 0.8055555555555556,
        "acc": 0.8444444444444444,
        "shd": 15,
        "nshd": 0.5,
        "mcc": 0.622046441203655,
        "n_edges_true": 30,
        "lag_0-1": 0.93,
        "train_time": 110.80112338066101,
        "train_loss": 0.003787144087255001
      },
      "mamba": {
        "auroc": 0.9355555555555556,
        "auprc": 0.8762054391934144,
        "f1": 0.8070175438596491,
        "acc": 0.8777777777777778,
        "shd": 12,
        "nshd": 0.4,
        "mcc": 0.6929023281557338,
        "n_edges_true": 30,
        "lag_0-1": 0.9355555555555556,
        "train_time": 186.39479970932007,
        "train_loss": 0.0030885247979313135
      }
    },
    "seed_1": {
      "baseline": {
        "auroc": 0.9605555555555556,
        "auprc": 0.9282948522545531,
        "f1": 0.8450704225352113,
        "acc": 0.8777777777777778,
        "shd": 11,
        "nshd": 0.36666666666666664,
        "mcc": 0.722918837074518,
        "n_edges_true": 30,
        "lag_0-1": 0.9605555555555556,
        "train_time": 148.49215126037598,
        "train_loss": 0.003345983335748315
      },
      "mamba": {
        "auroc": 0.9561111111111111,
        "auprc": 0.9203219831744599,
        "f1": 0.8405797101449275,
        "acc": 0.8777777777777778,
        "shd": 12,
        "nshd": 0.4,
        "mcc": 0.695815339134684,
        "n_edges_true": 30,
        "lag_0-1": 0.9561111111111111,
        "train_time": 165.5191342830658,
        "train_loss": 0.0032511744648218155
      }
    },
    "seed_2": {
      "baseline": {
        "auroc": 0.9277777777777779,
        "auprc": 0.8769016523056262,
        "f1": 0.8064516129032258,
        "acc": 0.8666666666666667,
        "shd": 12,
        "nshd": 0.4,
        "mcc": 0.7057720766210087,
        "n_edges_true": 30,
        "lag_0-1": 0.9277777777777779,
        "train_time": 123.09026026725769,
        "train_loss": 0.0035858650226145983
      },
      "mamba": {
        "auroc": 0.9366666666666665,
        "auprc": 0.8817029519940143,
        "f1": 0.8275862068965517,
        "acc": 0.8888888888888888,
        "shd": 11,
        "nshd": 0.36666666666666664,
        "mcc": 0.719187575831764,
        "n_edges_true": 30,
        "lag_0-1": 0.9366666666666665,
        "train_time": 188.61655163764954,
        "train_loss": 0.0031811411026865244
      }
    },
    "seed_3": {
      "baseline": {
        "auroc": 0.9466666666666667,
        "auprc": 0.9050901046024301,
        "f1": 0.8285714285714286,
        "acc": 0.8666666666666667,
        "shd": 14,
        "nshd": 0.4666666666666667,
        "mcc": 0.6565321642986127,
        "n_edges_true": 30,
        "lag_0-1": 0.9466666666666667,
        "train_time": 77.04061913490295,
        "train_loss": 0.004377664532512426
      },
      "mamba": {
        "auroc": 0.955,
        "auprc": 0.9063551635351902,
        "f1": 0.875,
        "acc": 0.9111111111111111,
        "shd": 11,
        "nshd": 0.36666666666666664,
        "mcc": 0.72051607433002,
        "n_edges_true": 30,
        "lag_0-1": 0.955,
        "train_time": 188.46377110481262,