{
  "auroc": 0.48451549762150065,
  "auprc": 0.05677377660628832,
  "f1": 0.122,
  "acc": 0.937793427230047,
  "shd": 318,
  "nshd": 1.0,
  "mcc": 0.0,
  "n_edges_true": 318,
  "lag_0-1": 0.48451549762150065,
  "train_time": 358.460116147995,
  "train_loss": 0.03956468775868416
}