{
  "NSVAR_d50_seed0": {
    "baseline": {
      "auroc": 0.5446009389671385,
      "auprc": 0.019404236295666042,
      "f1": 0.05,
      "shd": 36,
      "train_loss": 1.0907137801513772e+25,
      "train_time": 131.32655429840088
    },
    "F_ds8_fixAB": {
      "auroc": 0.5344172880419813,
      "auprc": 0.01452150524587217,
      "f1": 0.03548196333530455,
      "shd": 36,
      "train_loss": 1.0907118201848193e+25,
      "train_time": 136.78085231781006
    }
  },
  "NSVAR_d50_seed1": {
    "baseline": {
      "auroc": 0.5619146005509701,
      "auprc": 0.01626667058506763,
      "f1": 0.05172413793103448,
      "shd": 30,
      "train_loss": 1.1188231201527693e+19,
      "train_time": 129.56983399391174
    },
    "F_ds8_fixAB": {
      "auroc": 0.4818044077135039,
      "auprc": 0.011514407512725746,
      "f1": 0.03389830508474576,
      "shd": 30,
      "train_loss": 6.691868009935405e+18,
      "train_time": 383.32599234580994
    }
  },
  "NSVAR_d50_seed2": {
    "baseline": {
      "auroc": 0.5179772842364178,
      "auprc": 0.01970072514764046,
      "f1": 0.042735042735042736,
      "shd": 46,
      "train_loss": 9.92643913941603e+27,
      "train_time": 129.54382514953613
    },
    "F_ds8_fixAB": {
      "auroc": 0.4538450408739059,
      "auprc": 0.016521728351055774,
      "f1": 0.03847762442492681,
      "shd": 46,
      "train_loss": 9.92643913941603e+27,
      "train_time": 136.40880250930786
    }
  },
  "Lorenz_F40_seed0": {
    "baseline": {
      "auroc": 0.9316666666666666,
      "auprc": 0.8792288281273908,
      "f1": 0.8,
      "shd": 17,
      "train_loss": 0.004549748729914427,
      "train_time": 61.884594202041626
    },
    "F_ds8_fixAB": {
      "auroc": 0.9038888888888891,
      "auprc": 0.8225265427300308,
      "f1": 0.7761194029850746,
      "shd": 19,
      "train_loss": 0.005339637398719788,
      "train_time": 74.45469307899475
    }
  },
  "Lorenz_F40_seed1": {
    "baseline": {
      "auroc": 0.9577777777777778,
      "auprc": 0.9249488696768248,
      "f1": 0.8333333333333334,
      "shd": 14,
      "train_loss": 0.004479808732867241,
      "train_time": 62.000062704086304
    },
    "F_ds8_fixAB": {
      "auroc": 0.961111111111111,
      "auprc": 0.9243711345254206,
      "f1": 0.8709677419354839,
      "shd": 9,
      "train_loss": 0.004680340178310871,
      "train_time": 74.46090006828308
    }
  },
  "Lorenz_F40_seed2": {
    "baseline": {
      "auroc": 0.9155555555555556,
      "auprc": 0.8526431344634982,
      "f1": 0.7868852459016393,
      "shd": 14,
      "train_loss": 0.00443804357200861,
      "train_time": 62.012208700180054
    },
    "F_ds8_fixAB": {
      "auroc": 0.9472222222222222,
      "auprc": 0.9022537996853959,
      "f1": 0.8181818181818182,
      "shd": 13,
      "train_loss": 0.0050660958513617516,
      "train_time": 74.20415472984314
    }
  }
}