{
  "seed_0": {
    "tcn": {
      "auroc": 0.7062681525743878,
      "auprc": 0.12021630752093221,
      "f1": 0.2396694214876033,
      "acc": 0.9538775510204082,
      "shd": 113,
      "nshd": 1.0,
      "mcc": 0.0,
      "n_edges_true": 113,
      "lag_0-2": 0.8123282243242826,
      "lag_2-4": 0.7949023646932559,
      "lag_4-5": 0.8785617021276506,
      "train_time": 660.1352288722992,
      "train_loss": 0.005621963180601597
    }
  },
  "seed_1": {
    "tcn": {
      "auroc": 0.6745671187542437,
      "auprc": 0.11023599179440889,
      "f1": 0.21016949152542372,
      "acc": 0.9526530612244898,
      "shd": 116,
      "nshd": 1.0,
      "mcc": 0.0,
      "n_edges_true": 116,
      "lag_0-2": 0.7756424188721501,
      "lag_2-4": 0.8038085114017537,
      "lag_4-5": 0.8240464552382439,
      "train_time": 691.9505414962769,
      "train_loss": 0.007882806472480297
    }
  },
  "seed_2": {
    "tcn": {
      "auroc": 0.7158215326946977,
      "auprc": 0.113814435757145,
      "f1": 0.22077922077922077,
      "acc": 0.9604081632653061,
      "shd": 98,
      "nshd": 1.0,
      "mcc": 0.0,
      "n_edges_true": 98,
      "lag_0-2": 0.8303190498369627,
      "lag_2-4": 0.8726535933511025,
      "lag_4-5": 0.8916113310995908,
      "train_time": 683.582337141037,
      "train_loss": 0.006563311442732811
    }
  }
}