{
  "seed_0": {
    "baseline": {
      "auroc": 0.7243307924462553,
      "auprc": 0.11994294983468166,
      "f1": 0.22857142857142856,
      "shd": 113,
      "train_loss": 0.011580483056604862,
      "train_time": 250.86346054077148
    },
    "F_ds8_fix": {
      "auroc": 0.709767079040148,
      "auprc": 0.11203015930919667,
      "f1": 0.1891891891891892,
      "shd": 114,
      "train_loss": 0.011597485281527042,
      "train_time": 303.56185507774353
    }
  },
  "seed_1": {
    "baseline": {
      "auroc": 0.698645214667727,
      "auprc": 0.11962066241708708,
      "f1": 0.2336448598130841,
      "shd": 116,
      "train_loss": 0.013417926616966724,
      "train_time": 251.75048232078552
    },
    "F_ds8_fix": {
      "auroc": 0.7312516620866937,
      "auprc": 0.10944871871611829,
      "f1": 0.2206896551724138,
      "shd": 116,
      "train_loss": 0.014972749166190624,
      "train_time": 260.3402051925659
    }
  },
  "seed_2": {
    "baseline": {
      "auroc": 0.7204550187421896,
      "auprc": 0.09442402048744238,
      "f1": 0.18013856812933027,
      "shd": 99,
      "train_loss": 0.011924881488084793,
      "train_time": 246.62462759017944
    },
    "F_ds8_fix": {
      "auroc": 0.6477769679300299,
      "auprc": 0.07312401969893119,
      "f1": 0.14698162729658792,
      "shd": 98,
      "train_loss": 0.01354331523180008,
      "train_time": 260.51654076576233
    }
  }
}